{
    "name": "laravel/laravel",
    "type": "project",
    "description": "The Laravel Framework.",
    "keywords": [
        "framework",
        "laravel"
    ],
    "license": "MIT",
    "require": {
        "php": "^7.2.5",
        "barryvdh/laravel-dompdf": "^1.0",
        "fideloper/proxy": "^4.2",
        "fruitcake/laravel-cors": "^1.0",
        "guzzlehttp/guzzle": "^6.3",
        "intervention/image": "^2.7",
        "jeroennoten/laravel-adminlte": "^3.8",
        "laravel/framework": "^7.0",
        "laravel/tinker": "^2.0",
        "laravel/ui": "2.0",
        "laraveles/spanish": "^1.5"
    },
    "require-dev": {
        "facade/ignition": "^2.0",
        "fzaninotto/faker": "^1.9.1",
        "mockery/mockery": "^1.3.1",
        "nunomaduro/collision": "^4.1",
        "phpunit/phpunit": "^8.5"
    },
    "config": {
        "optimize-autoloader": true,
        "preferred-install": "dist",
        "sort-packages": true
    },
    "extra": {
        "laravel": {
            "dont-discover": []
        }
    },
    "autoload": {
        "psr-4": {
            "App\\": "app/"
        },
        "classmap": [
            "database/seeds",
            "database/factories"
        ]
    },
    "autoload-dev": {
        "psr-4": {
            "Tests\\": "tests/"
        }
    },
    "minimum-stability": "dev",
    "prefer-stable": true,
    "scripts": {
        "post-autoload-dump": [
            "Illuminate\\Foundation\\ComposerScripts::postAutoloadDump",
            "@php artisan package:discover --ansi"
        ],
        "post-root-package-install": [
            "@php -r \"file_exists('.env') || copy('.env.example', '.env');\""
        ],
        "post-create-project-cmd": [
            "@php artisan key:generate --ansi"
        ]
    }
}
